categorie,partenaire,nom_commune,description,url_facebook,url_website
MODE_BIJOUX_OPTIQUE,8TH AVENUE,NOUMEA,Votre sp√©cialiste Bagagerie Maroquinerie depuis plus de 20 ans,https://www.facebook.com/p/8th-Avenue-100057561583466/?locale=fr_FR,
MODE_BIJOUX_OPTIQUE,ALAIN AFFLELOU,NOUMEA,"Situ√© √† la Galerie Port Plaisance, d√©couvrez vos magasins Alain Afflelou Opticien & Acousticien.",https://www.facebook.com/afflelounoumea?locale=fr_FR,https://www.afflelou.com/opticien/nouvelle-caledonie/noumea-nouvelle-caledonie/afflelou-c-c-port-plaisance-98807
MODE_BIJOUX_OPTIQUE,AMORETTI,NOUMEA,"Bijouterie Horlogerie - Occasion, r√©paration et nettoyage bijoux/montres toutes marques confondues.",https://www.facebook.com/p/Amoretti-Bijouterie-Horlogerie-100057299687640/?locale=fr_FR,https://amoretti.nc/
MODE_BIJOUX_OPTIQUE,BAGAGE CALEDONIEN,NOUMEA,"Bagage Cal√©donien, c'est le meilleur de la maroquinerie rien que pour vous. A d√©couvrir ou √† red√©couvrir",https://www.facebook.com/bagagecaledonien/?locale=fr_FR,https://www.asdetrefle.nc/default/article-de-maroquinerie.html
MODE_BIJOUX_OPTIQUE,BILLABONG,"NOUMEA,PAITA","Billabong est votre marque de v√™tements, casquettes, sacs, claquettes et accessoires de plage pr√©f√©r√©e en Nouvelle-Cal√©donie. Pour hommes, femmes, enfants. v√™tements, swimwear, n√©opr√®ne, accessoires (lunettes de soleil, montres,casquette, bonnets,...), T-Shirts, d√©bardeurs, chemises, polos, shorts, jeans, pantalons, pulls, vestes, tous les v√™tements de surfwear (lycras, combinaisons), serviettes,... ",https://www.facebook.com/BillabongNouvelleCaledonie/?locale=fr_FR,https://billabong.nc/
MODE_BIJOUX_OPTIQUE,CALIFORNIA,NOUMEA,Women's clothing store,https://www.facebook.com/californianoumea,https://www.california.nc/
MODE_BIJOUX_OPTIQUE,CAMPUS,NOUMEA,"Nous sommes heureux de vous offrir le plus grand choix possible de sneakers, slides et claquettes de vos marques pr√©f√©r√©es. Nos collections sont s√©lectionn√©es avec la plus grande attention afin de vous permettre de trouver le mod√®le qu‚Äôil faut absolument porter ou la nouvelle basket qui vient de sortir. Une √©quipe passionn√©e de sneakers vous attends dans nos magasins Campus Anse Vata, Campus Dumb√©a Mall et Campus Paita (Hyper U), pour vous aider √† trouver la paire de vos r√™ves.",https://www.facebook.com/CampusNouvelleCaledonie,https://campus.nc/
MODE_BIJOUX_OPTIQUE,CELIO,"NOUMEA,PAITA",Men's clothing store,https://www.facebook.com/celio.noumea.nc,https://celio.nc/
MODE_BIJOUX_OPTIQUE,CENTRE OPTIQUE,NOUMEA,"Lunettes de vue, r√©paration lunettes NC, magasin lunettes de soleil NC, Maui Jim prix France, examen vue, tiers-payant mutuelles, lentilles contact Noum√©a, lunettes en 1h",https://www.facebook.com/centreoptiquenoumea/,https://centreoptique.nc/
MODE_BIJOUX_OPTIQUE,CLARO OPTICIEN,"NOUMEA,PAITA",,,
MODE_BIJOUX_OPTIQUE,CORNER 39,NOUMEA,Shopping & retail,https://www.facebook.com/corner39/?locale=fr_FR,
MODE_BIJOUX_OPTIQUE,DIAMANTINE,KOUMAC,"Vente de pr√™t √† porter hommes & femmes, bijoux, parfums.",https://www.facebook.com/p/Diamantine-Koumac-100063691265596/,
MODE_BIJOUX_OPTIQUE,ERAM,NOUMEA,"De l‚Äôhomme √† la femme en passant par l'enfant, vous trouverez forc√©ment chaussures √† vos pieds !",https://www.facebook.com/EramNoumea/?locale=fr_FR,
MODE_BIJOUX_OPTIQUE,EROTIK NC,NOUMEA,,https://www.facebook.com/ero.boutik/?locale=fr_FR,
MODE_BIJOUX_OPTIQUE,G√âANT,"NOUMEA,DUMBEA",hypermarch√©s G√©ant et Supermarch√©s Casino !,https://www.facebook.com/@GeantCasino.NC/?locale=fr_FR,
MODE_BIJOUX_OPTIQUE,GEMO CHAUSSURES,NOUMEA,"magasins sur Noum√©a, des v√™tements et des chaussures pour toute la famille !",,https://www.gemo.nc/
MODE_BIJOUX_OPTIQUE,GEMO VETEMENTS,NOUMEA,"magasins sur Noum√©a, des v√™tements et des chaussures pour toute la famille !",,https://www.gemo.nc/
MODE_BIJOUX_OPTIQUE,GRAND R√âCIF,"NOUMEA,PAITA",Pr√™t √† porter et Accessoires de Mode,https://www.facebook.com/p/Grand-R%C3%A9cif-100087749984041/,
MODE_BIJOUX_OPTIQUE,HERITAGE KANAK,NOUMEA,,https://www.facebook.com/HKsince2014/,
MODE_BIJOUX_OPTIQUE,HYPE,NOUMEA,"Concept store, mode, accessoires, bijoux, d√©coration, cadeaux",https://www.facebook.com/p/HYPE-La-Promenade-100063472467172/,
MODE_BIJOUX_OPTIQUE,HYPER CORNER,NOUMEA,"Boutique de pr√™t √† porter sur Noum√©a, hommes et femmes. Costumes pour homme de ,MARIAGE ET AUTRES",https://www.facebook.com/Hype.Corner/,
MODE_BIJOUX_OPTIQUE,IRIATAI,NOUMEA,IRIATAI qui signifie ¬´ horizon ¬ª est une marque de bijouterie joaillerie cr√©√©e dans le but de partager la diversit√© artistique de l‚ÄôOc√©anie. Nos cr√©ations en or et argent sont orn√©es de pierres fines et locales enti√®rement fabriqu√©es main.,https://www.facebook.com/IriataiNC/,
MODE_BIJOUX_OPTIQUE,KING SPORTS,DUMBEA,"Le king du sportswear. Nike, Adidas, Puma, Asics, Salomon. Magasin King Sports √† Dumb√©a Mall en Nouvelle-Cal√©donie, v√™tements, chaussures, casquettes, sacs, ...",https://www.facebook.com/profile.php?id=100093381836089,
MODE_BIJOUX_OPTIQUE,KOOKAI,NOUMEA,Chaque pi√®ce KOOKAI est con√ßue dans nos studios de cr√©ation de Paris et Melbourne.,https://www.facebook.com/kookainoumea/,
MODE_BIJOUX_OPTIQUE,LA LUNETTERIE DES COCOTIERS,NOUMEA,,https://www.facebook.com/lalunetteriedescocotiers/?locale=fr_FR,
MODE_BIJOUX_OPTIQUE,LA MAISON DE LA PERLE,NOUMEA,N¬∞1 de la perle en Nouvelle-Cal√©donie. Magasins et Atelier,https://www.facebook.com/MaisonDeLaPerleNoumea/,
MODE_BIJOUX_OPTIQUE,LE STORE,NOUMEA,"üõç Boutiques de pr√™t-√†-porter et accessoires pour homme et femme. üè∑ Marques disponibles : Oxbow, Desigual, Adopt, Le Temps Des Cerises, Hype, Deeluxe.",https://www.facebook.com/lestorenoumea/?locale=fr_FR,
MODE_BIJOUX_OPTIQUE,LES MARQUES CALEDONIENNES,NOUMEA, votre concept store cal√©donien ,https://www.facebook.com/marquescaledoniennes/?locale=fr_FR,
MODE_BIJOUX_OPTIQUE,LILI BLUE,NOUMEA,V√™tements et Accessoires pour tous les budgets .,https://www.facebook.com/lilibluenoumea/?locale=fr_FR,
MODE_BIJOUX_OPTIQUE,LONGITUDE,NOUMEA,,,
MODE_BIJOUX_OPTIQUE,MANGO,NOUMEA,"Unique, moderne et f√©minine, la femme MANGO insuffle toujours un twist trendy dans sa garde-robe.",https://www.facebook.com/MangoNoumea/,
MODE_BIJOUX_OPTIQUE,MATIRA CREATION,NOUMEA,Jewelry/watches,https://www.facebook.com/matiranoumea/,
MODE_BIJOUX_OPTIQUE,NOUNE CREA,NOUMEA,"Accessoires et bijoux artisanaux √† base de fil d'aluminium. Cr√©ations pour toutes occasions : Mariages, bapt√™mes, soir√©es √† th√®mes ..",https://www.facebook.com/NouneCrea/?locale=fr_FR,
MODE_BIJOUX_OPTIQUE,OHLALA !,NOUMEA,"ce loveshop est le premier ouvert sur le territoire en 1997, sp√©cialis√© dans le plaisir et le bien-√™tre.",,https://ohlala.nc/index.php
MODE_BIJOUX_OPTIQUE,PERLERIE DU PACIQIUE,NOUMEA,"Cr√©ation de bijoux en or et en argent, ventes de perles de Tahiti (certificat d‚Äôauthenticit√©),",https://www.facebook.com/perleriedupacifique/?locale=fr_FR,
MODE_BIJOUX_OPTIQUE,PETITE PIERRE,NOUMEA,"Un Bijou, une Histoire, un Lien ... Le reflet de vous-m√™me, au fil de vos envies. Cr√©ations uniques",https://www.facebook.com/petitepierredesign/?locale=fr_FR,
MODE_BIJOUX_OPTIQUE,PLANET FASHION,"NOUMEA,KONE","Situ√© dans la galerie du Centre Commercial T√©ari √† Kon√©, Planet Fashion vous propose des articles de mode, des v√™tements fashion et des chaussures !",https://www.facebook.com/p/Planet-Fashion-100057233899060/,
MODE_BIJOUX_OPTIQUE,PROMOD,"NOUMEA,DUMBEA","Promod, mode & v√™tements femme cool chic, √† retrouver en boutique",https://www.facebook.com/PromodNouvelleCaledonie/?locale=fr_FR,
MODE_BIJOUX_OPTIQUE,REFLEX,NOUMEA,üõçÔ∏èBoutique de Pr√™t √† Porter et Accessoires de Mode üõçÔ∏è üå∫,https://www.facebook.com/p/Reflex-Noumea-100057670110318/,
MODE_BIJOUX_OPTIQUE,SAN DIEGO,NOUMEA,,https://www.facebook.com/p/Fox-San-diego-100032373896999/,
MODE_BIJOUX_OPTIQUE,SHAMBHALA,"NOUMEA,PAITA","V√™tements Femmes/Hommes, Robes traditionnelles oc√©aniennes, Bijoux et accessoires de mode",https://www.facebook.com/Shambhala.NC/,
MODE_BIJOUX_OPTIQUE,SOHO BY CALIFORNIA,NOUMEA,Women's clothing store,https://www.facebook.com/californianoumea,
MODE_BIJOUX_OPTIQUE,STOP AFFAIRES,KONE,Le magasin du Nord pour toute la famille ! D√©couvrez des produits La Halle et la Foir'fouille √† Kon√©,https://www.facebook.com/stopaffaires.nc/?locale=fr_FR,
MODE_BIJOUX_OPTIQUE,SUN AND THE CITY,NOUMEA,Pr√™t √† porter feminin. Nouvelle collection tous les 15 jours.,https://www.facebook.com/sunandthecitync/,
MODE_BIJOUX_OPTIQUE,UNIVERSAL STORE,KONE,"La boutique incontournable de Kon√© pour habiller les hommes les femmes et les enfants. Retrouvez les marques Kaporal, P√©p√© Jeans, Desigual, Cars ...",https://www.facebook.com/universalstorekone/,
MODE_BIJOUX_OPTIQUE,UTOPIA,NOUMEA,UTOPIA propose une grande vari√©t√© de sandales composant un univers color√© qui lui est propre.,https://www.facebook.com/p/Utopia-Noum%C3%A9a-100077563869378/?locale=fr_FR,
MODE_BIJOUX_OPTIQUE,VOYAGE TROPICAL,NOUMEA,"V√™tements homme, femme, enfant ‚Äî accessoires ‚Äî linge de maison",https://www.facebook.com/voyagetropical/?locale=fr_FR,
SPORT_LOISIRS_AUTO,AVENTURE MARINE,NOUMEA,Croisi√®res sur mesure ou √† la cabine. Sorties journ√©e. Sorties baleines. Soir√©es. Location de catamaran,https://www.facebook.com/aventuremarine.nc/,
SPORT_LOISIRS_AUTO,BLUECALEDONIA DIVING,NOUMEA,"Bienvenue au nouveau centre de plong√©e Blue Caledonia Diving, bas√© au Phare Am√©d√©e",https://www.facebook.com/BlueCaledoniaDiving/,
SPORT_LOISIRS_AUTO,CALEDONIE CHARTER NC (BALEINE),NOUMEA,Partez √† la rencontre des baleines de mi juillet a mi septembre.,https://www.facebook.com/sortiesbaleine/?locale=fr_FR,
SPORT_LOISIRS_AUTO,CHRONO 64,NOUMEA,8 auto-√©coles pour 1 seul abonnement,https://www.facebook.com/chrono64nouvellecaledonie/?locale=fr_FR,
SPORT_LOISIRS_AUTO,CHRONO PNEU,NOUMEA,,,
SPORT_LOISIRS_AUTO,DECATHLON,"NOUMEA,DUMBEA",DECATHLON NOUVELLE-CAL√âDONIE,https://www.facebook.com/decathlon.nouvelle.caledonie/?locale=fr_FR,
SPORT_LOISIRS_AUTO,EXCLUSIV GOLF DEVA,BOURAIL,"Parcours de golf parfaitement int√©gr√© dans la nature environnante entre montagne, for√™t s√®che et lagon",https://www.facebook.com/p/Exclusiv-Golf-Deva-100029105156358/?locale=fr_FR,
SPORT_LOISIRS_AUTO,GARDEN GOLF DE DUMBEA,DUMBEA,APPRENDRE ET JOUER AU GOLF A DUMBEA,https://www.facebook.com/gardengolfdedumbea/?locale=fr_FR,
SPORT_LOISIRS_AUTO,KITESURF ATTITUDE,NOUMEA,"Ecole de Kitesurf et Wingfoil, Kite bus, shop pour windsirf, wakeboard, paddle, accessoires lifestyle : board shorts, T-Shirt, Sweat, maillot de bain, casquette, poncho,...",https://www.facebook.com/EcoleKitesurfAttitude/?locale=fr_FR,https://kitesurfnoumea.nc/
SPORT_LOISIRS_AUTO,LA BELLE VERTE (TYROLIENNE),PAITA,"En plein c≈ìur de la for√™t de Pa√Øta, la Belle Verte vous propose un parcours de tyroliennes",https://www.facebook.com/@labellevertenc/?locale=fr_FR,
SPORT_LOISIRS_AUTO,LAGON AUTO-ECOLE,NOUMEA,,,
SPORT_LOISIRS_AUTO,LES NAUTILES,LIFOU,"Auto √©cole ""LES NAUTILES """,https://www.facebook.com/groups/945879885902865/about,
SPORT_LOISIRS_AUTO,MARINE CORAIL,NOUMEA,"Magasin de p√™che (leurres, tr√¢ine, jigging,  ), chasse sous-marine (fusils, palme, masque, tubas, chaussons,...), v√™tements (homme,femme,enfants),nautisme, √©lectronique marine (gps, cartes, radios, chargeurs,convertisseurs,... ), combinaison, mat√©riel de plong√©e,...",https://www.facebook.com/marine.corail/?locale=fr_FR,https://marinecorail.nc/
SPORT_LOISIRS_AUTO,MIND & BODY,NOUMEA,"Club de Coaching sportif √† Noum√©a, Trianon. Coaching personnalis√©, individualis√©",https://www.facebook.com/mindandbodysportclub/?locale=fr_FR,
SPORT_LOISIRS_AUTO,MOBILBOARD (SEGWAY TOUR),NOUMEA,,https://www.facebook.com/mobilboardnc/?locale2=en_GB,
SPORT_LOISIRS_AUTO,OXALIS,NOUMEA,"Imaginez un lieu unique, exclusivement f√©minin. Un lieu r√©solument diff√©rent, con√ßu pour la pl√©nitude du corps et pour l'apaisement de l'esprit üôè Vous √™tes chez Oxalis",https://www.facebook.com/oxalisnoumea/?locale=fr_FR,
SPORT_LOISIRS_AUTO,XBODY NOUMEA,NOUMEA,"LE sport qui vous permet en 2x20 minutes par semaine SEULEMENT d‚Äôobtenir des r√©sultats √©poustouflants et sur-mesure, sans aucun risque.",https://www.facebook.com/xbodynoumea/?locale=fr_FR,
ART_COURS_MUSIQUE,CLAVINOVA,NOUMEA,Cr√©ateur de Musique ! Magasin d'instruments et accessoires de musique.,https://www.facebook.com/clavinovawise.musicshop.3/?locale=fr_FR,
ART_COURS_MUSIQUE,COPYMAGE,NOUMEA,Impressions de documents Mac et PC - Photocopies - Posters - Reliures - Plastifications - Cartes de visite - Tirage de plans - Collages sur mousse...,https://www.facebook.com/p/Copymage-Noumea-100030921802180/?locale=fr_FR,
ART_COURS_MUSIQUE,DE CIRE EN AIGUILLE (COUTURE),NOUMEA,üßµCr√©ation de produits artisanaux √† d√©marche √©co-responsable,https://www.facebook.com/decireenaiguillenoumea/?locale=fr_FR,
ART_COURS_MUSIQUE,IDEFIX,NOUMEA,"Votre boutique sp√©cialiste du loisirs cr√©atifs :) Mercerie, perles, coutures, bijouterie, savonnerie",https://www.facebook.com/idefixnc/?locale=fr_FR,
ART_COURS_MUSIQUE,LASER ART PACIFIC,NOUMEA,"Laser Art Pacific, sp√©cialiste de la gravure laser sur bois et autres mat√©riaux, menuiserie, √©b√©nisterie, troph√©es, objets d'art cal√©doniens (sculptures, fl√®ches...), souvenirs. Tout est fait √† la main, sur-mesure et personnalisable.",https://www.facebook.com/laserartpacificNC/?locale=fr_FR,
ART_COURS_MUSIQUE,LE STUDIO MARC LE CHELARD,NOUMEA,"Photographe pro, je propose des shootings photos personnalis√©s aux professionnels et aux particuliers",https://www.facebook.com/marclechelardphotographe/?locale=fr_FR,
ART_COURS_MUSIQUE,MUSIC ADDICT RECORDS,NOUMEA,"Ecole de musique/ studio d'enregistrement √† Noum√©a. Nous vous proposons des cours de chant, piano, violon, guitare, basse, batterie, percussion, Ukul√©l√©, chant collectif, √©veil musical, MAO",https://www.facebook.com/MusicAddictRecords/,
ART_COURS_MUSIQUE,NOUMEA SCHOOL OF ENGLISH,NOUMEA,"Depuis plus de 27 ans, Noum√©a School of English propose des cours d‚Äôanglais collectifs ou particulier",https://www.facebook.com/thenoumeaschoolofenglish/,
ART_COURS_MUSIQUE,PIXAIR,NOUMEA,Soci√©t√© sp√©cialis√©e dans la prise de vue a√©rienne par drone.,https://www.facebook.com/pixair.nc/?locale=fr_FR,
ART_COURS_MUSIQUE,PIXS & MOTION,NOUMEA,"Professionnels de l'image (photo et vid√©o) bas√©s √† Noum√©a. Services aux particuliers (lifestyle, famille, mariage, √©v√©nements,...) et aux professionnels (scolaires/cr√®ches, corporate,...)",https://www.facebook.com/@Pixsmotion/,
ART_COURS_MUSIQUE,PYRO NC,NOUMEA,Pensez √† sublimer votre soir√©e par un feu d'artifice afin de la rendre m√©morable.,https://www.facebook.com/Pyronc.nc/?locale=fr_FR,
ART_COURS_MUSIQUE,SANDRINE DESQUIBES (MATERNIT√â & B√âB√â),NOUMEA,"Photographe sp√©cialiste dans la photo de nouveau-n√©, de maternit√© et d'enfants.",https://www.facebook.com/sandrinedesquibesphotographie/?locale=fr_FR,
ART_COURS_MUSIQUE,TIKI PHOTO,NOUMEA,Le sp√©cialiste du PHOTOMATON en Nouvelle Cal√©donie,https://www.facebook.com/TikiPhotonc/?locale=fr_FR,
ART_COURS_MUSIQUE,YOGAMADA,NOUMEA,"Professeure de Yoga et de Reiki dipl√¥m√©e (Pisac, P√©rou)",https://www.facebook.com/yogamadanc/?locale=fr_FR,
RESTAURANT_ALIMENTATION,CHOCOLATS MORAND,NOUMEA,Mr Ludovic Pannier Artisans Chocolatier-P√¢tissier-Confiseur-Glacier,https://www.facebook.com/chocolatsmorand/?locale=fr_FR,
RESTAURANT_ALIMENTATION,G√âANT,"NOUMEA,DUMBEA", hypermarch√©s G√©ant et Supermarch√©s Casino !,https://www.facebook.com/@GeantCasino.NC/?locale=fr_FR,
RESTAURANT_ALIMENTATION,LA MAISON BALLANDE,NOUMEA,"Cave et √©picerie fine r√©f√©rente en Nouvelle-Cal√©donie, elle propose une s√©lection de marques et de produits alimentaires et spiritueux de qualit√©. Les produits d‚Äô√©picerie fine sont s√©lectionn√©s avec attention pour proposer le meilleur du terroir fran√ßais et local.",https://www.facebook.com/lamaisonballandeNC/?locale=fr_FR,
RESTAURANT_ALIMENTATION,LE BILBOQUET PLAGE,NOUMEA,Brasserie Cal√©donienne depuis plus de 30 ans !,https://www.facebook.com/bilboquetplage/?locale=fr_FR,
RESTAURANT_ALIMENTATION,LE FUN,NOUMEA,Steakhouse,https://www.facebook.com/@lefunnc/?locale=fr_FR,
RESTAURANT_ALIMENTATION,LE GAUGUIN (H√¥tel le Lagon),NOUMEA," H√¥tel avec deux types de chambres : Studio et Suite une chambre. Piscine; spa pool, salle de fitness, tennis club, parking priv√©, restaurant pour le petit d√©jeuner, institut de beaut√©. Nouveau la suite Prestige avec spa-pool privatif.",https://www.facebook.com/lelagonnoumea/?locale=fr_FR,
RESTAURANT_ALIMENTATION,LE PAVILLON DES VINS,"NOUMEA,MONT-DORE","Le Pavillon des Vins, la plus grande cave de Noum√©a !",https://www.facebook.com/pavillon.desvins,
RESTAURANT_ALIMENTATION,LE ROOF,NOUMEA,Sp√©cialit√©s fran√ßaises rehauss√©es de produits du terroir cal√©donien,https://www.facebook.com/leroofnoumea/?locale=fr_FR,
RESTAURANT_ALIMENTATION,LES 3 BRASSEURS,NOUMEA,Les 3 Brasseurs Noum√©a c'est un restaurant √† l'√©tage avec vue panoramique sur la baie des Citrons mais √©galement un bar vous proposant des concerts live.,https://www.facebook.com/3brasseurs.nc/?locale=fr_FR,
RESTAURANT_ALIMENTATION,MALONGO (BOUTIQUE),"NOUMEA,DUMBEA",TORREFACTION - CAFE - THE - ART DE LA TABLE - OBJETS DECO,https://www.facebook.com/CafestoresMalongoNC/?locale=fr_FR,
RESTAURANT_ALIMENTATION,NESPRESSO,NOUMEA,,https://www.facebook.com/Nespresso.NC/,
RESTAURANT_ALIMENTATION,PIZZA & PASTA,NOUMEA,Le restaurant P&P sur l'Anse Vata vous accueille 7jours/7,https://www.facebook.com/pizzaandpasta.nc/?locale=fr_FR,
RESTAURANT_ALIMENTATION,THIRIET,"NOUMEA,DUMBEA",Produits surgel√©s,https://www.facebook.com/@maison.thiriet.nc/,
RESTAURANT_ALIMENTATION,TONTON JULES,NOUMEA,"Chocolatier √† Noum√©a, vous propose ses chocolats, confiseries et th√©s Kusmi Tea.",https://www.facebook.com/tontonjules.nc/?locale=fr_FR,
MAISON_INTERIEUR_EXTERIEUR,BOURAIL QUINCAILLERIE,BOURAIL,"Votre quincaillerie, large gamme de produits, prix comp√©titifs, √©quipe de choc !",https://www.facebook.com/quincailleriebourail/?locale=fr_FR,
MAISON_INTERIEUR_EXTERIEUR,BRICONAUTES MOTOR POOL,NOUMEA,Quincaillerie - Jardin - Piscine - Cl√© minutes - D√©co,https://www.facebook.com/LesBriconautesMotorPool/?locale=fr_FR,
MAISON_INTERIEUR_EXTERIEUR,BRICORAMA,NOUMEA,,https://www.facebook.com/@groupesopema/?locale=fr_FR,
MAISON_INTERIEUR_EXTERIEUR,BUT COSY,"NOUMEA,POUEMBOUT",,https://www.facebook.com/p/BUT-COSY-NC-100063670657441/?locale=fr_FR,
MAISON_INTERIEUR_EXTERIEUR,CALIFORNIA & Co,NOUMEA,,https://www.facebook.com/California.NC/?locale=fr_FR,
MAISON_INTERIEUR_EXTERIEUR,CENTRAKOR,DUMBEA,Le magasin de d√©coration CENTRAKOR Nouvelle-Cal√©donie vous offre un large choix de produits d√©co,https://www.facebook.com/Centrakornc/?locale=fr_FR,
MAISON_INTERIEUR_EXTERIEUR,E+ ELETROMENAGER,"NOUMEA,POUEMBOUT",Vente d‚Äô√©lectrom√©nager et ustensiles de cuisine,https://www.facebook.com/EPlusNC/?locale=fr_FR,
MAISON_INTERIEUR_EXTERIEUR,G√âANT,"NOUMEA,DUMBEA",hypermarch√©s G√©ant et Supermarch√©s Casino,https://www.facebook.com/@GeantCasino.NC/?locale=fr_FR,
MAISON_INTERIEUR_EXTERIEUR,LA FOIR FOUILLE,"NOUMEA,PAITA","Toute l‚Äôann√©e, venez profiter de milliers de petits prix, de produits sympas pour la maison, vos loisirs et votre jardin !",https://www.facebook.com/lafoirfouille.nc/?locale=fr_FR,
MAISON_INTERIEUR_EXTERIEUR,LE TABLIER BLANC,NOUMEA,"Arts de la tables, ustensiles de cuisine",https://www.facebook.com/p/Le-Tablier-Blanc-100063696753990/?locale=fr_FR,
MAISON_INTERIEUR_EXTERIEUR,LES BRICOLEURS,KOUMAC,,https://www.facebook.com/lesbricoleurskmc/?locale=fr_FR,
MAISON_INTERIEUR_EXTERIEUR,MAISON K‚ÄôYOU,NOUMEA,Vente de linge de maison personnalisable,https://www.facebook.com/p/Maison-KYou-100054305958787/,
MAISON_INTERIEUR_EXTERIEUR,MIA CASA,NOUMEA,"D√©couvrez l'univers d√©coratif de Mia Casa ! Une large s√©lection de textiles d'ameublement, de petits meubles fonctionnels, de beaux d√©cors, de tapis, ...",,https://miacasa.nc/
MAISON_INTERIEUR_EXTERIEUR,NOUMEA LUMINAIRES,NOUMEA,"Bienvenue dans un monde de lumi√®res et d'inspirations, du luminaire charmant au plus somptueux",https://www.facebook.com/p/Noum%C3%A9a-Luminaires-100063510820826/?locale=fr_FR&_rdr,
MAISON_INTERIEUR_EXTERIEUR,NOUMEA PAS CHER,"NOUMEA,MONT-DORE,DUMBEA",Equipement maison & d√©co,https://www.facebook.com/NoumeaPasCherNC/?locale=fr_FR,
MAISON_INTERIEUR_EXTERIEUR,SAVE JUICE,NOUMEA,"Importateur et distributeur de marques leaders sur le march√© de l'alimentation saine. Extracteurs de jus, blenders, d√©shydrateurs, purificateurs d'eau, germoirs, composteurs",https://www.facebook.com/savejuicenc/?locale=fr_FR,
MAISON_INTERIEUR_EXTERIEUR,SCET,"NOUMEA,PAITA,KONE,LIFOU",CONSTRUIRE ‚Ä¢ RENOVER ‚Ä¢ AMENAGER. 6 magasins pour vous accompagner sur tous vos chantiers.,https://www.facebook.com/ScetNC/?locale=fr_FR,
MAISON_INTERIEUR_EXTERIEUR,STOP AFFAIRES (via LA FOIR‚ÄôFOUILLE)),KONE,,https://www.facebook.com/stopaffaires.nc/?locale=fr_FR,
MAISON_INTERIEUR_EXTERIEUR,TROUV‚ÄôTOO,"NOUMEA,LA FOA,KONE",,https://www.facebook.com/trouvToo.nc/,
MAISON_INTERIEUR_EXTERIEUR,VINTAGE & DESIGN,NOUMEA,Meubles et tout l‚Äôunivers de la maison. Commandes sp√©cifiques pour les architectes d‚Äôint√©rieur.,https://www.facebook.com/vintageanddesign.nc/,
MAISON_INTERIEUR_EXTERIEUR,XIMI VOGUE,NOUMEA,"Superstore Lifestyle ! üíï D√©co, bureau, accessoires mode & beaut√©",https://www.facebook.com/ximivoguenc/,
VOYAGE_HOTEL,BETICO,"NOUMEA,LIFOU,MARE,OUVEA,ILE DES PINS",La soci√©t√© Sudiles assure plusieurs voyages hebdomadaires sur l'Ile des Pins et les Iles Loyaut√©,https://www.facebook.com/@betico.nc/,
VOYAGE_HOTEL,G√éTE LEZARD HOME,PAITA,H√©bergement chez l'habitant nich√© au pied du Mont mou. Venez l√©zarder au L√©zard Home dans nos chambres au son des oiseaux et des grenouilles. Connexion √† la nature. Des stages sur le th√®me NATURE sont organis√©s.,https://www.facebook.com/GiteLezardhomeNC/?locale=fr_FR,
VOYAGE_HOTEL,H√îTEL BEAURIVAGE,NOUMEA,"L‚ÄôH√¥tel Beaurivage, √† la baie des Citrons",https://www.facebook.com/HotelBeaurivageNC/?locale=fr_FR,
VOYAGE_HOTEL,H√îTEL DU CENTRE,NOUMEA,"Votre nouvel h√¥tel d'affaires vous accueille dans un espace qui associe fonctionnalit√© et convivialit√© au coeur de Ducos Le Centre, la plus grande zone √©conomique de Noum√©a.",https://www.facebook.com/hotelducentrenc/?locale=fr_FR,
VOYAGE_HOTEL,H√îTEL KOULNOUE VILLAGE,HIENGHENE,"Le Koulnou√© Village est situ√© pr√©s de Hiengh√®ne, dans le cadre enchanteur d‚Äôune cocoteraie, en bord de mer.",https://www.facebook.com/HotelKoulnoueVillage/?locale=fr_FR,
VOYAGE_HOTEL,H√îTEL LE LAGON,NOUMEA,"H√¥tel avec deux types de chambres : Studio et Suite une chambre. Piscine; spa pool, salle de fitness, tennis club, parking priv√©, restaurant pour le petit d√©jeuner, institut de beaut√©. Nouveau la suite Prestige avec spa-pool privatif.",https://www.facebook.com/lelagonnoumea/?locale=fr_FR,
VOYAGE_HOTEL,H√îTEL LE MERIDIEN,"NOUMEA,ILE DES PINS",M√©ridien Noumea Resort & Spa.,https://www.facebook.com/lemeridiennoumea/?locale=fr_FR,
VOYAGE_HOTEL,H√îTEL MALABOU BEACH,POUM,"Situ√© √† l'extr√™me nord de la Grande Terre, le Malabou Beach s'√©tire le long d'une somptueuse plage nich√©e au fond de la baie de N√©hou√©.",https://www.facebook.com/HotelMalabouBeach/?locale=fr_FR,
VOYAGE_HOTEL,H√îTEL OURE LODGE,ILE DES PINS,"Bord√© d‚Äôune eau turquoise, de cocotiers et de plages de sables blanc √† perte de vue. L‚Äô Oure Lodge saura sans nul doute, √©veiller vos sens gr√¢ce √† son √©l√©gance et son prestige.",https://www.facebook.com/OureLodge/,
VOYAGE_HOTEL,H√îTEL SHERATON,NOUMEA,"Sheraton New Caledonia Deva Spa & Golf Resort (Bourail, New Caledonia)",https://www.facebook.com/sheratondeva/?locale=fr_FR,
VOYAGE_HOTEL,H√îTEL TIETI,POINDIMIE,"Plongez c√¥te Est √† l'h√¥tel Ti√©ti, et profitez de sa plage naturelle, √† l'or√©e de Poindimi√©.",https://www.facebook.com/HotelTieti/?locale=fr_FR,
VOYAGE_HOTEL,ILE AUX CANARDS,NOUMEA,,https://www.facebook.com/ileauxcanards/?locale=fr_FR,
BIEN-ETRE_BEAUTE,ADOPT,"NOUMEA,POUEMBOUT",ADOPT c'est une vision nouvelle d'une parfumerie engag√©e pour tous et pour la plan√®te ! + de 150 parfums diff√©rents Gamme de MAQUILLAGE & SOINS,https://www.facebook.com/adopt.noumea,
BIEN-ETRE_BEAUTE,BAIN DE CRISTAL (espace salonique),NOUMEA,CENTRE DE BIEN-√äTRE. ‚ú® Soins energetiques Bain de cristal. Adultes et enfants. ASTROLOGIE. Th√®me astral. R√©volution solaire,https://www.facebook.com/p/Bain-de-cristal-Lespace-Salonique-100063868577254/,
BIEN-ETRE_BEAUTE,BALI ZEN,NOUMEA,"Un salon de massage sp√©cialis√© dans les massages traditionnel balinais,",https://www.facebook.com/balizen2022/,
BIEN-ETRE_BEAUTE,BLACK DIAMOND HAIR,NOUMEA,"Coiffeuse pour tous types de cheveux (cr√©pus, boucl√©s, lisses, ondul√©s), pour tous vos √©v√®nements ou pour la vie quotidienne.",https://www.facebook.com/p/Black-Diamond-Hair-NC-100067890965088/?locale=fr_FR,
BIEN-ETRE_BEAUTE,CLUB PARFUM,NOUMEA,Fabrication Artisanale et Locale d'Eaux de parfum et d'Articles Compl√©mentaires de l'univers Maison,https://www.facebook.com/profile.php?id=100064207950491,
BIEN-ETRE_BEAUTE,DEEP NATURE SPA,"NOUMEA,BOURAIL","Deep Nature, l'immersion au c≈ìur de votre bien-√™tre : 3 spas au M√©ridien Noum√©a & √éle des Pins,",https://www.facebook.com/deepnaturespanouvellecaledonie/?locale=fr_FR,
BIEN-ETRE_BEAUTE,DESSANGE,NOUMEA,,https://www.facebook.com/dessange.noumea/?locale=fr_FR,
BIEN-ETRE_BEAUTE,DISTILLERIE DE BOULOUPARIS,BOULOUPARIS,Distillerie d'huile essentielle de Niaouli et autres plantes aromatiques. Fabrication d'Huiles ,https://www.facebook.com/distillerieboulouparis/,
BIEN-ETRE_BEAUTE,DOUCE HEURE,KOUMAC,institut de beaut√© Douce'Heure,https://www.facebook.com/groups/1696478830367942/,
BIEN-ETRE_BEAUTE,DOUCEURS DU COEURS,NOUMEA,"Massage, soins esth√©tiques et √©nerg√©tiques",https://www.facebook.com/massage.esthetique.doula/?locale=fr_FR,
BIEN-ETRE_BEAUTE,ELISE DUTHEIL MAKE UP,NOUMEA,"Maquilleuse Professionnelle, je r√©alise toute sorte de maquillages . Mariages , soir√©es , photos , mode , t√©l√©vision , maquillages enfants",https://www.facebook.com/dutheilelisemakeupartist/?locale=fr_FR,
BIEN-ETRE_BEAUTE,ELIXIR,NOUMEA,"Institut de beaut√© et de massage mixte, uniquement sur rdv au 95.83.63",https://www.facebook.com/elixirinstitut.noumea/?locale=fr_FR,
BIEN-ETRE_BEAUTE,EMA‚ÄôESTHETIQUE,NOUMEA,"Soins Esth√©tiques traditionnels, Massage corps Abhyanga et Soin √©nerg√©tique. Appareil BLOOMEA",https://www.facebook.com/ema.esthetique.nc/?locale=fr_FR,
BIEN-ETRE_BEAUTE,EQUILIBRE ETRE BIEN,"NOUMEA,LA FOA",,https://www.facebook.com/SalonSEBE/?locale=fr_FR,
BIEN-ETRE_BEAUTE,CURL LE SALON,NOUMEA,Salon de coiffure tendance √† Noum√©a,https://www.facebook.com/CurlStudioNC/,
BIEN-ETRE_BEAUTE,GREEN COSMETIQUE,NOUMEA,,https://www.facebook.com/GreenCosmetiqueCaledonie/?locale=fr_FR,
BIEN-ETRE_BEAUTE,HAPPY DISTRIBUTION,NOUMEA,"Chez Happy Distribution nous parcourons le monde pour vous offrir les produits les plus rares et authentiques : miel, huile, vanille, dattes bio et plus encore",https://www.facebook.com/HappyDistributionNC/,
BIEN-ETRE_BEAUTE,HERA PARFUMERIE,DUMBEA,"H√©ra, les plus grandes marques de la beaut√© pour les femmes et les hommes: parfumerie, soins",https://www.facebook.com/heraparfumerie/?locale=fr_FR,
BIEN-ETRE_BEAUTE,INSTITUT GA√ØA,PAITA,Institut utilisant les produits Thalgo et D√©cl√©or,https://www.facebook.com/institutdebeautegaia/?locale=fr_FR,
BIEN-ETRE_BEAUTE,JOIA INSTITUT BEAUT√â,KOUMAC,"Centre de Bien-√™tre massages, soin du visage,√©pilation,onglerie,maquillage,soin du corps et cures amincissements, resine",https://www.facebook.com/p/Jo%C3%AFa-Institut-de-beaut%C3%A9-100063528910242/?locale=fr_FR&_rdr,
BIEN-ETRE_BEAUTE,L‚ÄôATELIER GAUTIER,NOUMEA,Salon de coiffure,https://www.facebook.com/AtelierGautier.NC/?locale=fr_FR,
BIEN-ETRE_BEAUTE,L‚ÄôOCCITANE,NOUMEA,,https://www.facebook.com/loccitane.nc/?locale=fr_FR,
BIEN-ETRE_BEAUTE,LE LAGON ‚Äì SPA INSTITUT,NOUMEA,"Au c≈ìur m√™me de l'H√¥tel Le Lagon, notre Institut de beaut√© et Spa vous accueille, dans un cadre intimiste et vous propose une large gamme de soins et de massages.",https://www.facebook.com/SpaInstitutLeLagon/?locale=fr_FR,
BIEN-ETRE_BEAUTE,LUXSA SPA,NOUMEA,Vivez l'exp√©rience du bien-√™tre et de la d√©tente dans votre institut de massage situ√© √† l'Anse Vata,https://www.facebook.com/LUXSA.SPA.NOUMEA/,
BIEN-ETRE_BEAUTE,MAKE UP NC,NOUMEA,"Boutique sp√©cialis√©e dans le maquillage, le soin et le parfum pour tous les budgets.",https://www.facebook.com/p/MAKE-UP-NC-100092862206511/,
BIEN-ETRE_BEAUTE,MARLENE,NOUMEA,"Parfumerie, maroquinerie, textile, lingerie, bijouterie ... 2 boutiques √† votre service: Centre Ville rue de l' Alma & Galerie Port Plaisance",https://www.facebook.com/marlene.parfumerie.nc/,
BIEN-ETRE_BEAUTE,P.S Beaut√© by Somlinda,NOUMEA,"Soins esth√©tiques, salon de coiffure,massage balinais, proth√©siste ongulaire et styliste de cils..",https://www.facebook.com/p/PS-Beaut%C3%A9-By-Somlida-100090251586823/,
BIEN-ETRE_BEAUTE,PA√ëPURI,NOUMEA,Spa - Massages tha√Ølandais - Relaxation - Huiles chaudes - Produits soins du corps et beaut√© - Parfums d'ambiance pour la maison,,https://panpuri.nc/
BIEN-ETRE_BEAUTE,PASSION BEAUTE,NOUMEA,Parfumerie Passion beaut√©,https://www.facebook.com/passionbeauterozannenc/?locale=fr_FR,
BIEN-ETRE_BEAUTE,SAVONEA,NOUMEA,SAVON saponifi√© √† froid. Riche en glyc√©rine et surgras il est bon pour la peau et bon pour la plan√®te,https://www.facebook.com/lesavonniercaledonien/,
BIEN-ETRE_BEAUTE,SHANA NC,NOUMEA,Boutique Cal√©donienne sp√©cialis√©e dans la vente de cosm√©tiques et d'accessoires de beaut√©üå∏‚ú®,https://www.facebook.com/shana.nouvellecaledonie/?locale=fr_FR,
BIEN-ETRE_BEAUTE,SHIATSU NC,NOUMEA,"20 ans d' exp√©rience professionnelle en Zen Shiatsu, triple certification √âcole SYM, FFST et SPS",https://www.facebook.com/shiatsu.nc/?locale=fr_FR,
BIEN-ETRE_BEAUTE,SHIVA THAI MASSAGE,NOUMEA,Offrez vous un instant de relaxation et de bien-√™tre en solo ou en duo,https://www.facebook.com/ShivaThaiMassageNC/,
BIEN-ETRE_BEAUTE,SOVEREIGN STUDIO,NOUMEA,Espace de bien √™tre,,
BIEN-ETRE_BEAUTE,TRADITION THAILAND,NOUMEA,Vivez l'exp√©rience du bien-√™tre et de la d√©tente dans votre institut de massage situ√© √† l'Anse Vata,https://www.facebook.com/LUXSA.SPA.NOUMEA/,
BIEN-ETRE_BEAUTE,V.I.P,NOUMEA,"V.I.P. Vivre un Instant Parfum√©, une marque Cal√©donienne d√©pos√©e sp√©cialis√© dans la cr√©ation",https://www.facebook.com/vipvivreuninstantparfume/?locale=fr_FR,
BIEN-ETRE_BEAUTE,VITAL RELAX,NOUMEA,"Reiki Magn√©tisme, Soin √ânerg√©tique, R√©sonance Vibratoire, Massage, Bols tib√©tains, Voyage sonore, Qi Gong",https://www.facebook.com/vitalrelax.pro/?locale=fr_FR,
BIEN-ETRE_BEAUTE,YVES ROCHER,"NOUMEA,DUMBEA",üå± Cr√©ateur de la Cosm√©tique V√©g√©tale,https://www.facebook.com/YvesRocherNouvelleCaledonie/?locale=fr_FR,
LIBRAIRIE_JEUX_PUERICULTURE,ACOEURS ACCORD,NOUMEA,,,
LIBRAIRIE_JEUX_PUERICULTURE,AS DE TREFLE,NOUMEA,"papeterie, produits multim√©dia, livres, fournitures scolaires et bureau, jouets et bien plus encore",https://www.facebook.com/@asdetrefle.nc/?locale=fr_FR,
LIBRAIRIE_JEUX_PUERICULTURE,AS DE TREFLE KOUMAC,KOUMAC,"papeterie, produits multim√©dia, livres, fournitures scolaires et bureau, jouets et bien plus encore",https://www.facebook.com/@asdetrefle.nc/?locale=fr_FR,
LIBRAIRIE_JEUX_PUERICULTURE,AVENUE DE LA FETE,NOUMEA,"Articles et d√©cos de f√™te pour tous les anniversaires, f√™tes,...",https://www.facebook.com/avenuedelafete/?locale=fr_FR,
LIBRAIRIE_JEUX_PUERICULTURE,BABY FASHION,BOURAIL,Une boutique de v√™tements situ√©e au c≈ìur du village de Bourail avec du choix et des prix abordables !,https://www.facebook.com/p/Baby-Fashion-Bourail-100057288466248/?locale=fr_FR,
LIBRAIRIE_JEUX_PUERICULTURE,BEBE 9,NOUMEA,Franchise sp√©cialis√©e en Pu√©riculture. 850 m3 d√©di√©s √† l'univers du B√©b√© en Nouvelle-Cal√©donie,https://www.facebook.com/p/B%C3%A9b%C3%A99-Noum%C3%A9a-100064855294332/?locale=fr_FR&_rdr,
LIBRAIRIE_JEUX_PUERICULTURE,BUREAU VALLEE,NOUMEA,Bureau Vall√©e N¬∞1 de la fourniture de bureau en Outre mer,https://www.facebook.com/BureauVallee.nc/?locale=nl_NL,
LIBRAIRIE_JEUX_PUERICULTURE,COSY MINT,NOUMEA,"Votre boutique tendance, toute mignonne, fun et styl√©e !! Vous y trouverez toutes vos meilleures id√©es cadeaux, pratiques et jolies, pour les petits et pour les plus grands ",https://www.facebook.com/cosymint.nc/?locale=fr_FR,
LIBRAIRIE_JEUX_PUERICULTURE,DEGUIZMOI,NOUMEA,"Location et Vente de costumes ,accessoires ,enfant/adulte. Location de Sono,√©clairage d'ambiance",https://www.facebook.com/deguizmoi.nc/?locale=fr_FR,
LIBRAIRIE_JEUX_PUERICULTURE,G√âANT,"NOUMEA,DUMBEA",,https://www.facebook.com/@GeantCasino.NC/?locale=fr_FR,
LIBRAIRIE_JEUX_PUERICULTURE,HACHETTE CALEDONIE,NOUMEA,,https://www.facebook.com/HachetteCaledonieNC/?locale=fr_FR,
LIBRAIRIE_JEUX_PUERICULTURE,ILOT CREATION,NOUMEA,Cr√©atrice de faire-part uniques et personnalis√©s pour tous les jolis jours de votre vie ainsi que tous les produits associ√©s √† cet √©v√©nement et personnalis√©s sur le th√®me votre choix,,
LIBRAIRIE_JEUX_PUERICULTURE,JOU√â CLUB,NOUMEA,,https://www.facebook.com/joueclubnoumea/?locale=fr_FR,
LIBRAIRIE_JEUX_PUERICULTURE,KING JOUET,PAITA,"KING JOUET l‚Äôexpert des jouets qui innove pour proposer des jouets tendances, de qualit√© et au prix le plus juste.",https://www.facebook.com/profile.php?id=61566900764685,
LIBRAIRIE_JEUX_PUERICULTURE,L‚ÄôATELIER DU JOUET,NOUMEA,Magasin de jouets,https://www.facebook.com/latelierdujouetnc/?locale=fr_FR,
LIBRAIRIE_JEUX_PUERICULTURE,LA CAVERNE D‚ÄôALI BABA,NOUMEA,Magasin de jouets,https://www.facebook.com/lacavernedalibabanoumea/?locale=fr_FR,
LIBRAIRIE_JEUX_PUERICULTURE,LA FOIR‚ÄôFOUILLE,"NOUMEA,PAITA",,https://www.facebook.com/lafoirfouille.nc/?locale=fr_FR,
LIBRAIRIE_JEUX_PUERICULTURE,LE PETIT CAGOU,KONE,"Pu√©riculture, v√™tements, chaussures, jouets, pelotes de laine et accessoires tricot, crochet",https://www.facebook.com/LEPETITCAGOU/?locale=fr_FR,
LIBRAIRIE_JEUX_PUERICULTURE,LUDIK.NC,NOUMEA,Librairie ind√©pendante et sp√©cialis√©e BD / Mangas / Jeux de r√¥les / mangas / romans adolescents / livres jeunesse. Et + de 2000 Jeux de soci√©t√© !,https://www.facebook.com/ludik.ncal/?locale=fr_FR,http://www.ludik.nc/
LIBRAIRIE_JEUX_PUERICULTURE,MINISO,"NOUMEA,DUMBEA",,https://www.facebook.com/@MinisoNC/,
LIBRAIRIE_JEUX_PUERICULTURE,MISS GAMES,NOUMEA,"La r√©f√©rence Jeux vid√©o, Manga et Cigarette √©lectronique en Nouvelle Cal√©donie depuis 2001 !!!",https://www.facebook.com/Miss.GamesNC/,
LIBRAIRIE_JEUX_PUERICULTURE,NOPAC,"NOUMEA,POUEMBOUT","NOPAC c'est deux magasins √† Noum√©a et Pouembout, avec 26 000 articles, qui proposent d√©sormais, en plus d'une gigantesque gamme de produits de papeterie, une gamme cons√©quente de produits multim√©dias (informatique, t√©l√©phonie, image, son, etc.).",https://www.facebook.com/nopac/?locale=fr_FR,
LIBRAIRIE_JEUX_PUERICULTURE,NPC TOYS & OUTDOOR,NOUMEA,,,
LIBRAIRIE_JEUX_PUERICULTURE,PARTY-PI,NOUMEA,Une pyjama party sous nos tipis est une exp√©rience magique avec 10 th√®mes diff√©rents,https://www.facebook.com/p/Partypi-100063575500203/,
LIBRAIRIE_JEUX_PUERICULTURE,PETIT D‚ÄôHOMME,NOUMEA,"Tout l'univers enfants de 0 √† 8 ans ! Bons plans, nouveaut√©s, promos, astuces et conseils",https://www.facebook.com/petitdhommenoumea/?locale=fr_FR,
HIGH-TECH,ARA SOUND,NOUMEA,,,
HIGH-TECH,COMPU SYSTEM,NOUMEA,Seul Centre de Services Agr√©√© Apple en Nouvelle-Cal√©donie (SAV). Revendeur Agr√©√© Apple,https://www.facebook.com/CompusystemsNC/,
HIGH-TECH,DARTY,"NOUMEA,POUEMBOUT","Vente de produits √©lectrom√©nager, multim√©dia, micro-informatique.",https://www.facebook.com/dartynouvellecaledonie/?locale=fr_FR,
HIGH-TECH,DJILO MULTIM√âDIA,NOUMEA,"Accessoires GSM , etuis , coques , housses , film de protection , chargeurs , cables , cartes micro",https://www.facebook.com/djilomultimedia,
HIGH-TECH,ISTORE,NOUMEA,Votre unique APPLE Premium Reseller en Nouvelle-Cal√©donie !,https://www.facebook.com/iStoreNc/,
HIGH-TECH,PANASONIC,NOUMEA,"Boutique sp√©cialis√©e dans la vente de t√©l√©phones, tablettes, √©couteurs et accessoires. üì±‚åöÔ∏è",https://www.facebook.com/people/PanaShop/61554893402929/?_rdr,
HIGH-TECH,PHOTO DISCOUNT / MEDIASTORE,"NOUMEA,KONE",Tout l‚Äôunivers de l‚Äôimpression Num√©rique,https://www.facebook.com/PhotoDiscount98/,
HIGH-TECH,SOUND CITY NC,NOUMEA,,https://www.facebook.com/souncitync/,
